{
  "hash": "61346237",
  "configHash": "39cd4480",
  "lockfileHash": "fe351be8",
  "browserHash": "44f8792d",
  "optimized": {
    "@angular/core": {
      "src": "../../../../../../node_modules/@angular/core/fesm2022/core.mjs",
      "file": "@angular_core.js",
      "fileHash": "8570d89e",
      "needsInterop": false
    },
    "@angular/platform-browser": {
      "src": "../../../../../../node_modules/@angular/platform-browser/fesm2022/platform-browser.mjs",
      "file": "@angular_platform-browser.js",
      "fileHash": "909b0270",
      "needsInterop": false
    },
    "@angular/router": {
      "src": "../../../../../../node_modules/@angular/router/fesm2022/router.mjs",
      "file": "@angular_router.js",
      "fileHash": "f76cf843",
      "needsInterop": false
    }
  },
  "chunks": {
    "chunk-4ETKPNG7": {
      "file": "chunk-4ETKPNG7.js"
    },
    "chunk-MGFIK5LE": {
      "file": "chunk-MGFIK5LE.js"
    }
  }
}